{
    "averge_document_length": {
        "stars": 5.964220183486239,
        "genres": 3.086238532110092,
        "summaries": 317.81559633027524
    },
    "document_count": 1090
}