{
    "averge_document_length": {
        "stars": 5.6494472361809045,
        "genres": 2.388743718592965,
        "summaries": 110.278391959799
    },
    "document_count": 9950
}